Region,District
Nawa,Bas-Sassandra
San-Pédro,Bas-Sassandra
Gbôklé,Bas-Sassandra
Indénié-Djuablin,Comoé
Sud-Comoé,Comoé
Folon,Denguélé
Kabadougou,Denguélé
Gôh,Gôh-Djiboua
Lôh-Djiboua,Gôh-Djiboua
N'Zi,Lacs
Iffou,Lacs
Bélier,Lacs
Moronou,Lacs
Agnéby-Tiassa,Lagunes
Mé,Lagunes
Grands Ponts,Lagunes
Tonkpi,Montagnes
Cavally,Montagnes
Guémon,Montagnes
Haut-Sassandra,Sassandra-Marahoué
Marahoué,Sassandra-Marahoué
Poro,Savanes
Tchologo,Savanes
Bagoué,Savanes
Hambol,Vallée du Bandama
Gbêkê,Vallée du Bandama
Béré,Woroba
Bafing,Woroba
Worodougou,Woroba
Bounkani,Zanzan
Gontougo,Zanzan
Abidjan,Abidjan
Yamoussoukro,Yamoussoukro
